suite,case,off_n,on_n,exact_choices,exact_usage,exact_request_sha256,exact_fixture_sha256,ttft_ms_off_median,ttft_ms_off_min,ttft_ms_off_max,ttft_ms_on_median,ttft_ms_on_min,ttft_ms_on_max,ttft_ms_change_pct,wall_ms_off_median,wall_ms_off_min,wall_ms_off_max,wall_ms_on_median,wall_ms_on_min,wall_ms_on_max,wall_ms_change_pct,lm_prefill_tok_s_off_median,lm_prefill_tok_s_off_min,lm_prefill_tok_s_off_max,lm_prefill_tok_s_on_median,lm_prefill_tok_s_on_min,lm_prefill_tok_s_on_max,lm_prefill_tok_s_change_pct,lm_prefill_ms_derived_off_median,lm_prefill_ms_derived_off_min,lm_prefill_ms_derived_off_max,lm_prefill_ms_derived_on_median,lm_prefill_ms_derived_on_min,lm_prefill_ms_derived_on_max,lm_prefill_ms_derived_change_pct,decode_tok_s_off_median,decode_tok_s_off_min,decode_tok_s_off_max,decode_tok_s_on_median,decode_tok_s_on_min,decode_tok_s_on_max,decode_tok_s_change_pct,decode_ms_derived_off_median,decode_ms_derived_off_min,decode_ms_derived_off_max,decode_ms_derived_on_median,decode_ms_derived_on_min,decode_ms_derived_on_max,decode_ms_derived_change_pct,tok_per_step_off_median,tok_per_step_off_min,tok_per_step_off_max,tok_per_step_on_median,tok_per_step_on_min,tok_per_step_on_max,tok_per_step_change_pct
prefill,small,3,3,True,True,True,True,286.4,284.7,287.7,287.7,285.4,290.3,0.4539106145251326,290.29923799680546,287.09571101353504,293.7108739861287,298.5716850089375,295.40475297835656,300.36885902518407,2.8496275323406373,363.9,362.6,366.4,361.8,357.9,366.3,-0.5770816158285119,255.56471558120364,253.82096069868996,256.48097076668506,257.04809286898836,253.8902538902539,259.84911986588435,0.5804311774460835,,,,,,,,,,,,,,,,,,,,,
prefill,screen,3,3,True,True,True,True,1560.2,1556.2,1565.0,1473.7,1469.4,1482.0,-5.54416100499936,1571.1103430076037,1566.4076269895304,1571.1450509843417,1481.8233269907068,1478.011108993087,1486.6511830186937,-5.683051888384439,1038.0,1037.6,1047.5,1038.2,1038.1,1044.7,0.019267822736024343,767.8227360308285,760.8591885441527,768.1187355435621,767.6748218069736,762.898439743467,767.7487717946249,-0.019264110961292324,,,,,,,,,,,,,,,,,,,,,
prefill,document,3,3,True,True,True,True,4241.2,4230.5,4247.9,3876.9,3865.9,3882.1,-8.589550127322454,4248.62625397509,4238.790164992679,4256.442287005484,3886.4407840010244,3869.642385019688,3888.4487930044997,-8.524766555664865,1130.4,1128.3,1137.4,1137.8,1132.7,1144.9,0.6546355272469828,1384.4656758669496,1375.9451380341127,1387.0424532482496,1375.4614167692039,1366.9316097475762,1381.6544539595657,-0.6503779223061779,,,,,,,,,,,,,,,,,,,,,
prefill,photo,3,3,True,True,True,True,550.1,548.7,553.5,538.2,535.4,541.5,-2.163243046718777,557.0987820101436,553.3065870113205,558.6206459847745,545.3229059930891,542.5449780013878,553.5691849945579,-2.113785992237216,680.0,678.9,682.5,682.6,679.5,686.4,0.3823529411764781,419.11764705882354,417.5824175824176,419.7967300044189,417.5212423088192,415.20979020979024,419.4260485651214,-0.38089657193086657,,,,,,,,,,,,,,,,,,,,,
prefill,large,3,3,True,True,True,True,6382.7,6380.7,6395.8,5738.7,5731.8,5741.1,-10.089773920127843,6390.5592229857575,6387.520756979939,6403.826972993556,5743.354385020211,5736.920715979068,5747.479504992953,-10.127514907266022,1405.6,1397.8,1411.3,1414.2,1410.4,1415.3,0.6118383608423539,1471.969265793967,1466.0242329766882,1480.1831449420517,1463.0179606844858,1461.8808733130786,1466.959727736812,-0.6081176636967944,,,,,,,,,,,,,,,,,,,,,
prefill,multi,3,3,True,True,True,True,5569.0,5560.4,5579.8,5091.5,5087.3,5093.1,-8.57425031423954,5572.859909007093,5565.576621011132,5590.220904006856,5099.370283976896,5097.7851310162805,5103.7926170101855,-8.496348961956201,1486.1,1481.3,1496.7,1485.6,1485.6,1491.6,-0.033645111365321334,1789.2470224076442,1776.575131956972,1795.0448929993925,1789.8492191707055,1782.649503888442,1789.8492191707055,0.03365643511039629,,,,,,,,,,,,,,,,,,,,,
response,small,3,3,True,True,True,True,287.8,285.3,292.4,286.5,283.2,290.0,-0.4517025712300282,1576.0347249743063,1554.8509279906284,1586.0332150186878,1564.1592280007899,1563.964051019866,1583.2191240042448,-0.7535047791354943,362.7,355.3,365.4,363.3,358.4,368.3,0.16542597187758634,256.4102564102564,254.51559934318556,261.7506332676611,255.9867877786953,252.51153950583762,259.48660714285717,-0.16515276630884035,24.3,24.1,24.5,24.3,24.0,24.4,0.0,1275.7201646090534,1265.3061224489795,1286.3070539419086,1275.7201646090534,1270.4918032786886,1291.6666666666667,0.0,1.78,1.78,1.78,1.78,1.78,1.78,0.0
response,screen,3,3,True,True,True,True,1556.4,1551.1,1562.5,1489.1,1472.0,1493.2,-4.324081213055786,3401.9096389820334,3400.798324000789,3403.26386000379,3329.2812239960767,3317.3590050137136,3340.1203059765976,-2.134930750473707,1047.1,1037.4,1056.1,1035.9,1034.2,1039.1,-1.0696208576067012,761.1498424219272,754.6633841492284,768.2668208983998,769.3792837146442,767.0099124242133,770.6439760201122,1.0811854426102885,16.9,16.8,16.9,16.9,16.9,16.9,0.0,1834.3195266272191,1834.3195266272191,1845.2380952380952,1834.3195266272191,1834.3195266272191,1834.3195266272191,0.0,1.68,1.68,1.68,1.68,1.68,1.68,0.0
response,document,3,3,True,True,True,True,4237.8,4230.2,4247.0,3882.8,3879.9,3888.7,-8.376988059842372,7550.140103005106,7540.090821014019,7555.978263990255,7203.277249005623,7202.200369996717,7204.693236009916,-4.594124735002259,1134.8,1122.9,1136.0,1128.4,1127.6,1137.2,-0.5639760310186648,1379.09763835037,1377.6408450704225,1393.7127081663548,1386.9195320808224,1376.1871262750615,1387.9035118836468,0.5671747607231437,9.4,9.4,9.4,9.4,9.4,9.4,0.0,3297.872340425532,3297.872340425532,3297.872340425532,3297.872340425532,3297.872340425532,3297.872340425532,0.0,1.88,1.88,1.88,1.88,1.88,1.88,0.0
response,photo,3,3,True,True,True,True,547.4,546.2,567.2,543.0,534.0,543.4,-0.8037997807818775,1868.0713359790388,1854.682027013041,1896.3561819982715,1843.6948070011567,1840.1652430184186,1895.9650420001708,-1.3049035391952346,682.9,682.6,684.9,673.0,673.0,688.9,-1.4496998096353741,417.3378239859423,416.1191414805081,417.5212423088192,423.4769687964339,413.70300479024536,423.4769687964339,1.4710252600297125,23.9,23.1,24.0,23.9,22.9,23.9,0.0,1297.071129707113,1291.6666666666667,1341.9913419913419,1297.071129707113,1297.071129707113,1353.7117903930132,0.0,1.68,1.52,1.78,1.6,1.52,1.78,-4.761904761904756
response,large,3,3,True,True,True,True,6382.7,6372.0,6387.4,5746.3,5734.0,5746.6,-9.970702053989688,7684.089007991133,7668.986317992676,7687.784614012344,7050.687375012785,7029.355200007558,7054.670198005624,-8.243028318902045,1409.5,1407.3,1414.9,1406.8,1404.2,1411.8,-0.1915572898190887,1467.896417169209,1462.294155063962,1470.191146166418,1470.7136764287745,1465.5050290409406,1473.4368323600627,0.19192493602502303,23.9,23.9,24.0,23.9,23.8,24.0,0.0,1297.071129707113,1291.6666666666667,1297.071129707113,1297.071129707113,1291.6666666666667,1302.5210084033613,0.0,1.6,1.6,1.6,1.6,1.6,1.6,0.0
response,multi,3,3,True,True,True,True,5572.1,5570.1,5578.8,5097.9,5094.7,5112.1,-8.510256456273236,6879.198037000606,6875.983709003776,6881.6343389917165,6418.72049702215,6401.469133008504,6434.529655001825,-6.69376775463828,1487.7,1479.8,1489.1,1480.3,1479.8,1481.5,-0.49741211265712515,1787.3227129125496,1785.6423342958835,1796.8644411406947,1796.2575153685063,1794.802564967938,1796.8644411406947,0.49989866918866976,23.9,23.8,24.0,23.7,23.6,23.9,-0.8368200836820106,1297.071129707113,1291.6666666666667,1302.5210084033613,1308.0168776371308,1297.071129707113,1313.5593220338983,0.8438818565400963,1.78,1.78,1.78,1.78,1.78,1.78,0.0
response,text,3,3,True,True,True,True,162.3,162.2,164.1,164.3,162.6,165.1,1.2322858903265566,1066.4688239921816,1060.2942800032906,1081.9054399908055,1073.8794329809025,1070.3765990037937,1082.3948519828264,0.6948734760928499,191.9,190.1,192.3,189.8,188.9,191.9,-1.094319958311618,161.54247003647734,161.2064482579303,163.07206733298264,163.32982086406744,161.54247003647734,164.1079936474325,1.1064278187565835,34.3,34.2,34.6,34.1,33.8,34.5,-0.5830903790087327,903.7900874635569,895.9537572254335,906.4327485380117,909.090909090909,898.5507246376811,917.1597633136096,0.586510263929596,1.78,1.78,1.78,1.78,1.78,1.78,0.0
